premium_id,policy_id,amount,payment_date,payment_method,year
PMT0000001,P00001,138,2023-01-04,card,2023
PMT0000002,P00002,195,2023-01-05,bank,2023
PMT0000003,P00003,66,2023-01-03,card,2023
PMT0000004,P00004,72,2023-01-26,bank,2023
PMT0000005,P00005,182,2023-01-24,bank,2023
PMT0000006,P00006,142,2023-01-04,bank,2023
PMT0000007,P00007,107,2023-01-23,bank,2023
PMT0000008,P00008,99,2023-01-17,bank,2023
PMT0000009,P00009,142,2023-01-03,card,2023
PMT0000010,P00010,140,2023-01-24,bank,2023
PMT0000011,P00011,184,2023-01-09,card,2023
PMT0000012,P00012,53,2023-01-08,card,2023
PMT0000013,P00013,98,2023-01-19,card,2023
PMT0000014,P00014,74,2023-01-16,bank,2023
PMT0000015,P00015,101,2023-01-06,bank,2023
PMT0000016,P00016,192,2023-01-27,bank,2023
PMT0000017,P00017,53,2023-01-16,bank,2023
PMT0000018,P00018,134,2023-01-11,bank,2023
PMT0000019,P00019,56,2023-01-28,card,2023
PMT0000020,P00020,114,2023-01-14,bank,2023
PMT0000021,P00021,103,2023-01-22,bank,2023
PMT0000022,P00022,170,2023-01-02,bank,2023
PMT0000023,P00023,52,2023-01-11,bank,2023
PMT0000024,P00024,112,2023-01-04,bank,2023
PMT0000025,P00025,161,2023-01-27,card,2023
PMT0000026,P00026,198,2023-01-28,bank,2023
PMT0000027,P00027,135,2023-01-02,card,2023
PMT0000028,P00028,162,2023-01-12,bank,2023
PMT0000029,P00029,190,2023-01-15,card,2023
PMT0000030,P00030,82,2023-01-09,card,2023
PMT0000031,P00031,103,2023-01-15,bank,2023
PMT0000032,P00032,61,2023-01-01,card,2023
PMT0000033,P00033,70,2023-01-10,card,2023
PMT0000034,P00034,171,2023-01-14,card,2023
PMT0000035,P00035,87,2023-01-27,card,2023
PMT0000036,P00036,148,2023-01-04,card,2023
PMT0000037,P00037,157,2023-01-23,bank,2023
PMT0000038,P00038,160,2023-01-23,bank,2023
PMT0000039,P00039,136,2023-01-27,bank,2023
PMT0000040,P00040,150,2023-01-08,bank,2023
PMT0000041,P00041,171,2023-01-05,bank,2023
PMT0000042,P00042,78,2023-01-20,card,2023
PMT0000043,P00043,47,2023-01-09,bank,2023
PMT0000044,P00044,117,2023-01-26,bank,2023
PMT0000045,P00045,30,2023-01-10,bank,2023
PMT0000046,P00046,180,2023-01-19,bank,2023
PMT0000047,P00047,68,2023-01-15,bank,2023
PMT0000048,P00001,78,2023-02-23,card,2023
PMT0000049,P00002,176,2023-02-13,card,2023
PMT0000050,P00003,135,2023-02-02,bank,2023
PMT0000051,P00004,151,2023-02-23,bank,2023
PMT0000052,P00005,128,2023-02-22,card,2023
PMT0000053,P00006,156,2023-02-02,card,2023
PMT0000054,P00007,158,2023-02-19,bank,2023
PMT0000055,P00008,55,2023-02-28,bank,2023
PMT0000056,P00009,55,2023-02-17,bank,2023
PMT0000057,P00010,33,2023-02-24,card,2023
PMT0000058,P00011,134,2023-02-28,card,2023
PMT0000059,P00012,49,2023-02-16,bank,2023
PMT0000060,P00013,116,2023-02-20,bank,2023
PMT0000061,P00014,196,2023-02-03,bank,2023
PMT0000062,P00015,166,2023-02-13,bank,2023
PMT0000063,P00016,190,2023-02-23,bank,2023
PMT0000064,P00017,168,2023-02-02,card,2023
PMT0000065,P00018,90,2023-02-21,bank,2023
PMT0000066,P00019,88,2023-02-24,card,2023
PMT0000067,P00020,141,2023-02-04,card,2023
PMT0000068,P00023,143,2023-02-06,bank,2023
PMT0000069,P00024,37,2023-02-02,bank,2023
PMT0000070,P00026,44,2023-02-10,bank,2023
PMT0000071,P00027,125,2023-02-14,card,2023
PMT0000072,P00028,92,2023-02-17,bank,2023
PMT0000073,P00029,174,2023-02-22,card,2023
PMT0000074,P00031,73,2023-02-06,card,2023
PMT0000075,P00032,186,2023-02-28,bank,2023
PMT0000076,P00033,188,2023-02-22,card,2023
PMT0000077,P00034,157,2023-02-19,card,2023
PMT0000078,P00037,89,2023-02-15,bank,2023
PMT0000079,P00038,147,2023-02-09,card,2023
PMT0000080,P00039,149,2023-02-10,card,2023
PMT0000081,P00040,48,2023-02-15,bank,2023
PMT0000082,P00041,180,2023-02-10,bank,2023
PMT0000083,P00042,94,2023-02-15,bank,2023
PMT0000084,P00043,80,2023-02-13,bank,2023
PMT0000085,P00044,57,2023-02-08,bank,2023
PMT0000086,P00045,176,2023-02-12,bank,2023
PMT0000087,P00046,105,2023-02-01,bank,2023
PMT0000088,P00047,100,2023-02-01,card,2023
PMT0000089,P00001,168,2023-03-09,card,2023
PMT0000090,P00002,58,2023-03-22,card,2023
PMT0000091,P00003,63,2023-03-01,bank,2023
PMT0000092,P00004,90,2023-03-19,bank,2023
PMT0000093,P00005,34,2023-03-06,bank,2023
PMT0000094,P00006,43,2023-03-05,bank,2023
PMT0000095,P00007,164,2023-03-04,card,2023
PMT0000096,P00008,151,2023-03-15,bank,2023
PMT0000097,P00009,161,2023-03-19,card,2023
PMT0000098,P00010,145,2023-03-17,card,2023
PMT0000099,P00011,187,2023-03-02,bank,2023
PMT0000100,P00012,147,2023-03-21,card,2023
PMT0000101,P00013,45,2023-03-16,bank,2023
PMT0000102,P00014,139,2023-03-22,card,2023
PMT0000103,P00015,155,2023-03-23,bank,2023
PMT0000104,P00016,48,2023-03-03,bank,2023
PMT0000105,P00017,185,2023-03-05,card,2023
PMT0000106,P00018,62,2023-03-09,bank,2023
PMT0000107,P00019,127,2023-03-20,bank,2023
PMT0000108,P00020,146,2023-03-17,bank,2023
PMT0000109,P00023,55,2023-03-26,card,2023
PMT0000110,P00024,197,2023-03-21,card,2023
PMT0000111,P00026,140,2023-03-15,card,2023
PMT0000112,P00027,135,2023-03-11,bank,2023
PMT0000113,P00028,132,2023-03-14,card,2023
PMT0000114,P00029,110,2023-03-14,bank,2023
PMT0000115,P00031,200,2023-03-09,bank,2023
PMT0000116,P00032,69,2023-03-22,bank,2023
PMT0000117,P00033,47,2023-03-03,card,2023
PMT0000118,P00034,53,2023-03-14,card,2023
PMT0000119,P00037,125,2023-03-26,card,2023
PMT0000120,P00038,172,2023-03-02,bank,2023
PMT0000121,P00039,61,2023-03-14,bank,2023
PMT0000122,P00040,200,2023-03-25,bank,2023
PMT0000123,P00041,43,2023-03-10,bank,2023
PMT0000124,P00042,120,2023-03-04,card,2023
PMT0000125,P00043,69,2023-03-22,bank,2023
PMT0000126,P00044,87,2023-03-28,card,2023
PMT0000127,P00045,119,2023-03-28,bank,2023
PMT0000128,P00046,59,2023-03-25,bank,2023
PMT0000129,P00047,176,2023-03-08,bank,2023
PMT0000130,P00048,173,2023-03-25,card,2023
PMT0000131,P00049,185,2023-03-22,bank,2023
PMT0000132,P00050,37,2023-03-06,bank,2023
PMT0000133,P00051,109,2023-03-11,bank,2023
PMT0000134,P00052,31,2023-03-06,card,2023
PMT0000135,P00053,174,2023-03-22,bank,2023
PMT0000136,P00054,47,2023-03-05,card,2023
PMT0000137,P00055,53,2023-03-24,card,2023
PMT0000138,P00001,175,2023-04-20,card,2023
PMT0000139,P00002,43,2023-04-05,card,2023
PMT0000140,P00003,188,2023-04-02,card,2023
PMT0000141,P00004,99,2023-04-15,bank,2023
PMT0000142,P00005,154,2023-04-20,bank,2023
PMT0000143,P00006,136,2023-04-09,card,2023
PMT0000144,P00007,161,2023-04-04,bank,2023
PMT0000145,P00008,140,2023-04-04,bank,2023
PMT0000146,P00009,181,2023-04-16,bank,2023
PMT0000147,P00010,41,2023-04-08,bank,2023
PMT0000148,P00012,183,2023-04-02,card,2023
PMT0000149,P00013,82,2023-04-10,card,2023
PMT0000150,P00014,65,2023-04-25,bank,2023
PMT0000151,P00015,104,2023-04-11,card,2023
PMT0000152,P00016,31,2023-04-16,bank,2023
PMT0000153,P00017,74,2023-04-05,bank,2023
PMT0000154,P00018,166,2023-04-23,card,2023
PMT0000155,P00019,158,2023-04-18,bank,2023
PMT0000156,P00026,48,2023-04-13,card,2023
PMT0000157,P00028,141,2023-04-01,bank,2023
PMT0000158,P00029,49,2023-04-28,bank,2023
PMT0000159,P00032,177,2023-04-14,bank,2023
PMT0000160,P00033,193,2023-04-14,bank,2023
PMT0000161,P00037,59,2023-04-13,card,2023
PMT0000162,P00038,113,2023-04-06,bank,2023
PMT0000163,P00039,122,2023-04-03,bank,2023
PMT0000164,P00040,57,2023-04-08,bank,2023
PMT0000165,P00041,180,2023-04-13,card,2023
PMT0000166,P00042,131,2023-04-28,bank,2023
PMT0000167,P00043,116,2023-04-08,bank,2023
PMT0000168,P00044,73,2023-04-03,card,2023
PMT0000169,P00045,165,2023-04-17,card,2023
PMT0000170,P00046,119,2023-04-12,card,2023
PMT0000171,P00047,90,2023-04-04,card,2023
PMT0000172,P00048,95,2023-04-07,card,2023
PMT0000173,P00049,184,2023-04-05,card,2023
PMT0000174,P00050,75,2023-04-25,bank,2023
PMT0000175,P00051,148,2023-04-25,bank,2023
PMT0000176,P00052,174,2023-04-21,bank,2023
PMT0000177,P00053,190,2023-04-11,card,2023
PMT0000178,P00054,142,2023-04-03,bank,2023
PMT0000179,P00055,143,2023-04-21,bank,2023
PMT0000180,P00001,48,2023-05-10,bank,2023
PMT0000181,P00002,145,2023-05-02,card,2023
PMT0000182,P00003,124,2023-05-27,bank,2023
PMT0000183,P00005,49,2023-05-21,card,2023
PMT0000184,P00006,187,2023-05-20,bank,2023
PMT0000185,P00007,148,2023-05-19,card,2023
PMT0000186,P00008,145,2023-05-26,card,2023
PMT0000187,P00009,112,2023-05-20,bank,2023
PMT0000188,P00010,158,2023-05-05,card,2023
PMT0000189,P00012,145,2023-05-04,bank,2023
PMT0000190,P00013,51,2023-05-17,card,2023
PMT0000191,P00014,40,2023-05-08,bank,2023
PMT0000192,P00015,142,2023-05-17,card,2023
PMT0000193,P00016,123,2023-05-12,bank,2023
PMT0000194,P00017,129,2023-05-14,bank,2023
PMT0000195,P00018,183,2023-05-02,bank,2023
PMT0000196,P00019,46,2023-05-11,card,2023
PMT0000197,P00026,172,2023-05-22,bank,2023
PMT0000198,P00028,102,2023-05-09,card,2023
PMT0000199,P00029,115,2023-05-03,card,2023
PMT0000200,P00032,119,2023-05-10,bank,2023
PMT0000201,P00037,63,2023-05-20,card,2023
PMT0000202,P00038,109,2023-05-18,bank,2023
PMT0000203,P00039,194,2023-05-26,bank,2023
PMT0000204,P00040,62,2023-05-22,card,2023
PMT0000205,P00041,195,2023-05-22,bank,2023
PMT0000206,P00042,160,2023-05-12,card,2023
PMT0000207,P00043,122,2023-05-10,card,2023
PMT0000208,P00044,84,2023-05-11,bank,2023
PMT0000209,P00045,79,2023-05-08,card,2023
PMT0000210,P00047,69,2023-05-03,bank,2023
PMT0000211,P00048,55,2023-05-17,card,2023
PMT0000212,P00049,199,2023-05-11,card,2023
PMT0000213,P00050,182,2023-05-13,card,2023
PMT0000214,P00052,71,2023-05-06,card,2023
PMT0000215,P00053,142,2023-05-02,bank,2023
PMT0000216,P00054,123,2023-05-22,card,2023
PMT0000217,P00055,143,2023-05-20,bank,2023
PMT0000218,P00001,159,2023-06-18,card,2023
PMT0000219,P00002,129,2023-06-28,bank,2023
PMT0000220,P00003,41,2023-06-21,bank,2023
PMT0000221,P00005,125,2023-06-09,card,2023
PMT0000222,P00006,121,2023-06-26,card,2023
PMT0000223,P00007,118,2023-06-08,card,2023
PMT0000224,P00008,178,2023-06-24,bank,2023
PMT0000225,P00009,64,2023-06-02,bank,2023
PMT0000226,P00010,169,2023-06-11,card,2023
PMT0000227,P00012,148,2023-06-23,bank,2023
PMT0000228,P00013,191,2023-06-06,card,2023
PMT0000229,P00014,46,2023-06-23,bank,2023
PMT0000230,P00015,39,2023-06-10,card,2023
PMT0000231,P00016,41,2023-06-26,card,2023
PMT0000232,P00017,40,2023-06-11,bank,2023
PMT0000233,P00018,161,2023-06-13,bank,2023
PMT0000234,P00019,94,2023-06-02,card,2023
PMT0000235,P00026,103,2023-06-12,card,2023
PMT0000236,P00028,197,2023-06-11,bank,2023
PMT0000237,P00029,61,2023-06-26,bank,2023
PMT0000238,P00032,141,2023-06-13,bank,2023
PMT0000239,P00037,128,2023-06-11,card,2023
PMT0000240,P00038,157,2023-06-23,bank,2023
PMT0000241,P00039,124,2023-06-26,bank,2023
PMT0000242,P00040,51,2023-06-24,bank,2023
PMT0000243,P00041,50,2023-06-14,card,2023
PMT0000244,P00042,169,2023-06-10,bank,2023
PMT0000245,P00043,56,2023-06-03,bank,2023
PMT0000246,P00044,199,2023-06-10,bank,2023
PMT0000247,P00045,144,2023-06-20,bank,2023
PMT0000248,P00047,72,2023-06-23,bank,2023
PMT0000249,P00048,119,2023-06-15,card,2023
PMT0000250,P00049,120,2023-06-20,bank,2023
PMT0000251,P00050,100,2023-06-21,card,2023
PMT0000252,P00052,49,2023-06-22,bank,2023
PMT0000253,P00053,123,2023-06-17,card,2023
PMT0000254,P00054,37,2023-06-05,bank,2023
PMT0000255,P00055,38,2023-06-05,card,2023
PMT0000256,P00056,90,2023-06-25,bank,2023
PMT0000257,P00057,122,2023-06-13,card,2023
PMT0000258,P00058,184,2023-06-05,bank,2023
PMT0000259,P00059,124,2023-06-12,bank,2023
PMT0000260,P00060,49,2023-06-19,card,2023
PMT0000261,P00061,165,2023-06-12,bank,2023
PMT0000262,P00001,36,2023-07-24,card,2023
PMT0000263,P00002,157,2023-07-17,bank,2023
PMT0000264,P00003,173,2023-07-04,bank,2023
PMT0000265,P00005,96,2023-07-23,bank,2023
PMT0000266,P00006,84,2023-07-20,bank,2023
PMT0000267,P00007,155,2023-07-07,card,2023
PMT0000268,P00008,64,2023-07-28,card,2023
PMT0000269,P00010,145,2023-07-06,bank,2023
PMT0000270,P00012,52,2023-07-26,bank,2023
PMT0000271,P00013,200,2023-07-12,card,2023
PMT0000272,P00014,170,2023-07-18,bank,2023
PMT0000273,P00015,106,2023-07-28,card,2023
PMT0000274,P00016,193,2023-07-06,bank,2023
PMT0000275,P00017,160,2023-07-08,card,2023
PMT0000276,P00019,81,2023-07-26,card,2023
PMT0000277,P00028,90,2023-07-26,bank,2023
PMT0000278,P00029,36,2023-07-12,bank,2023
PMT0000279,P00032,149,2023-07-26,card,2023
PMT0000280,P00037,186,2023-07-03,card,2023
PMT0000281,P00038,109,2023-07-13,bank,2023
PMT0000282,P00039,164,2023-07-14,bank,2023
PMT0000283,P00040,177,2023-07-03,card,2023
PMT0000284,P00041,111,2023-07-21,card,2023
PMT0000285,P00042,145,2023-07-15,bank,2023
PMT0000286,P00043,62,2023-07-27,card,2023
PMT0000287,P00044,63,2023-07-14,card,2023
PMT0000288,P00045,61,2023-07-17,card,2023
PMT0000289,P00047,107,2023-07-06,card,2023
PMT0000290,P00048,112,2023-07-23,card,2023
PMT0000291,P00049,118,2023-07-17,bank,2023
PMT0000292,P00050,50,2023-07-09,card,2023
PMT0000293,P00052,192,2023-07-18,bank,2023
PMT0000294,P00053,62,2023-07-21,bank,2023
PMT0000295,P00054,187,2023-07-18,card,2023
PMT0000296,P00055,158,2023-07-21,card,2023
PMT0000297,P00056,181,2023-07-19,card,2023
PMT0000298,P00057,73,2023-07-22,bank,2023
PMT0000299,P00058,174,2023-07-02,card,2023
PMT0000300,P00060,50,2023-07-02,bank,2023
PMT0000301,P00061,196,2023-07-07,bank,2023
PMT0000302,P00001,191,2023-08-24,bank,2023
PMT0000303,P00002,67,2023-08-27,card,2023
PMT0000304,P00003,38,2023-08-19,card,2023
PMT0000305,P00005,78,2023-08-01,bank,2023
PMT0000306,P00006,110,2023-08-14,card,2023
PMT0000307,P00007,135,2023-08-23,card,2023
PMT0000308,P00008,135,2023-08-17,bank,2023
PMT0000309,P00010,45,2023-08-23,card,2023
PMT0000310,P00012,162,2023-08-07,bank,2023
PMT0000311,P00013,199,2023-08-16,bank,2023
PMT0000312,P00014,110,2023-08-06,bank,2023
PMT0000313,P00015,166,2023-08-11,bank,2023
PMT0000314,P00016,194,2023-08-26,bank,2023
PMT0000315,P00017,186,2023-08-16,card,2023
PMT0000316,P00019,93,2023-08-09,bank,2023
PMT0000317,P00028,87,2023-08-10,bank,2023
PMT0000318,P00029,83,2023-08-23,bank,2023
PMT0000319,P00032,111,2023-08-16,bank,2023
PMT0000320,P00037,173,2023-08-26,bank,2023
PMT0000321,P00038,103,2023-08-04,bank,2023
PMT0000322,P00039,131,2023-08-27,bank,2023
PMT0000323,P00040,67,2023-08-10,card,2023
PMT0000324,P00041,103,2023-08-23,card,2023
PMT0000325,P00042,118,2023-08-15,bank,2023
PMT0000326,P00043,152,2023-08-07,card,2023
PMT0000327,P00044,167,2023-08-09,bank,2023
PMT0000328,P00045,65,2023-08-04,card,2023
PMT0000329,P00047,92,2023-08-02,card,2023
PMT0000330,P00048,193,2023-08-08,card,2023
PMT0000331,P00049,55,2023-08-14,bank,2023
PMT0000332,P00050,150,2023-08-04,card,2023
PMT0000333,P00052,31,2023-08-18,card,2023
PMT0000334,P00053,134,2023-08-21,bank,2023
PMT0000335,P00054,152,2023-08-21,card,2023
PMT0000336,P00055,103,2023-08-11,bank,2023
PMT0000337,P00056,195,2023-08-02,card,2023
PMT0000338,P00057,196,2023-08-19,card,2023
PMT0000339,P00058,166,2023-08-24,card,2023
PMT0000340,P00060,74,2023-08-14,card,2023
PMT0000341,P00061,39,2023-08-27,bank,2023
PMT0000342,P00062,156,2023-08-06,bank,2023
PMT0000343,P00063,39,2023-08-01,bank,2023
PMT0000344,P00064,175,2023-08-20,card,2023
PMT0000345,P00065,115,2023-08-10,bank,2023
PMT0000346,P00066,194,2023-08-18,bank,2023
PMT0000347,P00067,64,2023-08-28,bank,2023
PMT0000348,P00068,99,2023-08-07,card,2023
PMT0000349,P00069,114,2023-08-06,bank,2023
PMT0000350,P00070,195,2023-08-09,card,2023
PMT0000351,P00001,112,2023-09-08,card,2023
PMT0000352,P00002,96,2023-09-13,card,2023
PMT0000353,P00003,144,2023-09-25,bank,2023
PMT0000354,P00005,114,2023-09-10,card,2023
PMT0000355,P00006,96,2023-09-21,bank,2023
PMT0000356,P00010,90,2023-09-02,card,2023
PMT0000357,P00013,149,2023-09-10,card,2023
PMT0000358,P00014,133,2023-09-22,bank,2023
PMT0000359,P00017,60,2023-09-21,bank,2023
PMT0000360,P00019,124,2023-09-20,card,2023
PMT0000361,P00029,86,2023-09-05,bank,2023
PMT0000362,P00032,69,2023-09-15,bank,2023
PMT0000363,P00038,136,2023-09-23,bank,2023
PMT0000364,P00041,167,2023-09-26,card,2023
PMT0000365,P00042,93,2023-09-22,card,2023
PMT0000366,P00043,164,2023-09-15,bank,2023
PMT0000367,P00045,49,2023-09-19,card,2023
PMT0000368,P00048,45,2023-09-27,card,2023
PMT0000369,P00049,176,2023-09-18,card,2023
PMT0000370,P00050,72,2023-09-11,bank,2023
PMT0000371,P00052,59,2023-09-22,card,2023
PMT0000372,P00054,179,2023-09-16,card,2023
PMT0000373,P00055,160,2023-09-15,card,2023
PMT0000374,P00056,146,2023-09-05,bank,2023
PMT0000375,P00058,146,2023-09-19,card,2023
PMT0000376,P00060,173,2023-09-15,bank,2023
PMT0000377,P00066,35,2023-09-13,bank,2023
PMT0000378,P00067,30,2023-09-24,card,2023
PMT0000379,P00068,178,2023-09-03,card,2023
PMT0000380,P00070,138,2023-09-12,card,2023
PMT0000381,P00001,141,2023-10-08,card,2023
PMT0000382,P00002,117,2023-10-20,bank,2023
PMT0000383,P00003,113,2023-10-01,bank,2023
PMT0000384,P00005,145,2023-10-16,card,2023
PMT0000385,P00006,121,2023-10-18,bank,2023
PMT0000386,P00010,140,2023-10-06,bank,2023
PMT0000387,P00013,51,2023-10-25,bank,2023
PMT0000388,P00014,93,2023-10-23,card,2023
PMT0000389,P00017,51,2023-10-09,card,2023
PMT0000390,P00019,127,2023-10-23,card,2023
PMT0000391,P00029,129,2023-10-11,bank,2023
PMT0000392,P00032,57,2023-10-03,card,2023
PMT0000393,P00038,108,2023-10-15,bank,2023
PMT0000394,P00041,99,2023-10-04,card,2023
PMT0000395,P00042,52,2023-10-06,bank,2023
PMT0000396,P00043,144,2023-10-18,bank,2023
PMT0000397,P00045,56,2023-10-01,card,2023
PMT0000398,P00048,120,2023-10-18,card,2023
PMT0000399,P00049,182,2023-10-20,bank,2023
PMT0000400,P00050,128,2023-10-01,bank,2023
PMT0000401,P00052,135,2023-10-13,card,2023
PMT0000402,P00054,173,2023-10-08,card,2023
PMT0000403,P00055,127,2023-10-06,card,2023
PMT0000404,P00056,98,2023-10-10,bank,2023
PMT0000405,P00058,156,2023-10-05,card,2023
PMT0000406,P00060,72,2023-10-14,bank,2023
PMT0000407,P00066,137,2023-10-10,bank,2023
PMT0000408,P00067,49,2023-10-12,bank,2023
PMT0000409,P00068,93,2023-10-24,bank,2023
PMT0000410,P00070,182,2023-10-20,card,2023
PMT0000411,P00071,147,2023-10-04,card,2023
PMT0000412,P00072,107,2023-10-01,bank,2023
PMT0000413,P00073,115,2023-10-27,bank,2023
PMT0000414,P00074,114,2023-10-15,bank,2023
PMT0000415,P00075,140,2023-10-27,card,2023
PMT0000416,P00076,106,2023-10-11,card,2023
PMT0000417,P00077,152,2023-10-11,card,2023
PMT0000418,P00078,131,2023-10-11,bank,2023
PMT0000419,P00079,192,2023-10-16,card,2023
PMT0000420,P00080,113,2023-10-13,bank,2023
PMT0000421,P00081,130,2023-10-12,card,2023
PMT0000422,P00082,174,2023-10-07,card,2023
PMT0000423,P00083,170,2023-10-01,bank,2023
PMT0000424,P00084,83,2023-10-15,bank,2023
PMT0000425,P00085,47,2023-10-27,bank,2023
PMT0000426,P00086,157,2023-10-05,bank,2023
PMT0000427,P00087,91,2023-10-09,card,2023
PMT0000428,P00001,152,2023-11-19,bank,2023
PMT0000429,P00002,166,2023-11-17,bank,2023
PMT0000430,P00003,169,2023-11-02,bank,2023
PMT0000431,P00005,167,2023-11-20,card,2023
PMT0000432,P00010,57,2023-11-25,card,2023
PMT0000433,P00013,198,2023-11-22,bank,2023
PMT0000434,P00014,72,2023-11-21,card,2023
PMT0000435,P00017,174,2023-11-21,bank,2023
PMT0000436,P00019,114,2023-11-26,bank,2023
PMT0000437,P00029,57,2023-11-01,card,2023
PMT0000438,P00032,96,2023-11-08,card,2023
PMT0000439,P00038,144,2023-11-12,bank,2023
PMT0000440,P00041,148,2023-11-25,card,2023
PMT0000441,P00042,118,2023-11-01,bank,2023
PMT0000442,P00043,56,2023-11-10,bank,2023
PMT0000443,P00045,51,2023-11-04,card,2023
PMT0000444,P00048,119,2023-11-10,bank,2023
PMT0000445,P00049,146,2023-11-26,card,2023
PMT0000446,P00050,163,2023-11-16,bank,2023
PMT0000447,P00052,151,2023-11-04,bank,2023
PMT0000448,P00054,145,2023-11-11,card,2023
PMT0000449,P00055,106,2023-11-02,card,2023
PMT0000450,P00056,35,2023-11-28,bank,2023
PMT0000451,P00060,195,2023-11-04,card,2023
PMT0000452,P00066,92,2023-11-17,card,2023
PMT0000453,P00067,171,2023-11-06,bank,2023
PMT0000454,P00070,173,2023-11-14,bank,2023
PMT0000455,P00071,89,2023-11-26,bank,2023
PMT0000456,P00072,191,2023-11-06,card,2023
PMT0000457,P00073,193,2023-11-22,bank,2023
PMT0000458,P00074,131,2023-11-01,card,2023
PMT0000459,P00075,145,2023-11-19,bank,2023
PMT0000460,P00076,129,2023-11-01,card,2023
PMT0000461,P00077,82,2023-11-09,card,2023
PMT0000462,P00078,177,2023-11-04,card,2023
PMT0000463,P00080,123,2023-11-11,card,2023
PMT0000464,P00081,147,2023-11-04,bank,2023
PMT0000465,P00082,155,2023-11-17,bank,2023
PMT0000466,P00083,182,2023-11-13,bank,2023
PMT0000467,P00084,180,2023-11-04,bank,2023
PMT0000468,P00085,120,2023-11-28,bank,2023
PMT0000469,P00086,188,2023-11-06,bank,2023
PMT0000470,P00087,187,2023-11-19,card,2023
PMT0000471,P00001,129,2023-12-14,card,2023
PMT0000472,P00002,177,2023-12-13,bank,2023
PMT0000473,P00003,77,2023-12-16,card,2023
PMT0000474,P00005,172,2023-12-06,bank,2023
PMT0000475,P00010,103,2023-12-05,card,2023
PMT0000476,P00013,110,2023-12-27,bank,2023
PMT0000477,P00014,188,2023-12-02,bank,2023
PMT0000478,P00019,32,2023-12-16,card,2023
PMT0000479,P00032,79,2023-12-27,bank,2023
PMT0000480,P00041,173,2023-12-17,bank,2023
PMT0000481,P00042,134,2023-12-22,bank,2023
PMT0000482,P00043,136,2023-12-23,bank,2023
PMT0000483,P00048,155,2023-12-06,card,2023
PMT0000484,P00049,174,2023-12-01,card,2023
PMT0000485,P00050,104,2023-12-02,bank,2023
PMT0000486,P00055,87,2023-12-18,bank,2023
PMT0000487,P00056,73,2023-12-25,bank,2023
PMT0000488,P00066,174,2023-12-24,bank,2023
PMT0000489,P00067,170,2023-12-17,card,2023
PMT0000490,P00070,176,2023-12-04,bank,2023
PMT0000491,P00071,169,2023-12-27,bank,2023
PMT0000492,P00072,168,2023-12-27,card,2023
PMT0000493,P00073,142,2023-12-18,card,2023
PMT0000494,P00074,138,2023-12-04,card,2023
PMT0000495,P00075,106,2023-12-28,card,2023
PMT0000496,P00077,145,2023-12-09,bank,2023
PMT0000497,P00078,52,2023-12-15,card,2023
PMT0000498,P00080,90,2023-12-07,bank,2023
PMT0000499,P00081,186,2023-12-21,bank,2023
PMT0000500,P00082,72,2023-12-20,card,2023
PMT0000501,P00083,82,2023-12-27,card,2023
PMT0000502,P00084,45,2023-12-19,bank,2023
PMT0000503,P00085,166,2023-12-09,card,2023
PMT0000504,P00087,112,2023-12-23,bank,2023
PMT0000505,P00001,139,2024-01-21,card,2024
PMT0000506,P00002,54,2024-01-01,card,2024
PMT0000507,P00003,152,2024-01-03,card,2024
PMT0000508,P00005,181,2024-01-08,bank,2024
PMT0000509,P00010,32,2024-01-01,bank,2024
PMT0000510,P00013,60,2024-01-28,bank,2024
PMT0000511,P00014,63,2024-01-16,card,2024
PMT0000512,P00019,88,2024-01-13,card,2024
PMT0000513,P00032,56,2024-01-04,bank,2024
PMT0000514,P00041,124,2024-01-10,card,2024
PMT0000515,P00042,127,2024-01-25,card,2024
PMT0000516,P00043,194,2024-01-22,card,2024
PMT0000517,P00048,47,2024-01-17,card,2024
PMT0000518,P00049,186,2024-01-21,card,2024
PMT0000519,P00050,142,2024-01-12,card,2024
PMT0000520,P00055,190,2024-01-24,card,2024
PMT0000521,P00056,135,2024-01-20,bank,2024
PMT0000522,P00066,85,2024-01-03,card,2024
PMT0000523,P00067,65,2024-01-25,card,2024
PMT0000524,P00070,180,2024-01-24,bank,2024
PMT0000525,P00071,119,2024-01-14,bank,2024
PMT0000526,P00072,65,2024-01-08,bank,2024
PMT0000527,P00073,195,2024-01-03,card,2024
PMT0000528,P00074,171,2024-01-20,bank,2024
PMT0000529,P00075,36,2024-01-28,bank,2024
PMT0000530,P00077,82,2024-01-17,card,2024
PMT0000531,P00078,130,2024-01-10,card,2024
PMT0000532,P00080,91,2024-01-16,bank,2024
PMT0000533,P00081,58,2024-01-08,bank,2024
PMT0000534,P00082,193,2024-01-20,card,2024
PMT0000535,P00083,165,2024-01-01,bank,2024
PMT0000536,P00084,111,2024-01-05,bank,2024
PMT0000537,P00085,175,2024-01-14,bank,2024
PMT0000538,P00087,169,2024-01-22,card,2024
PMT0000539,P00088,150,2024-01-25,card,2024
PMT0000540,P00089,34,2024-01-19,card,2024
PMT0000541,P00090,33,2024-01-09,card,2024
PMT0000542,P00091,40,2024-01-02,bank,2024
PMT0000543,P00092,159,2024-01-10,bank,2024
PMT0000544,P00001,30,2024-02-02,card,2024
PMT0000545,P00002,92,2024-02-02,bank,2024
PMT0000546,P00003,123,2024-02-13,card,2024
PMT0000547,P00005,75,2024-02-28,card,2024
PMT0000548,P00010,171,2024-02-26,bank,2024
PMT0000549,P00013,87,2024-02-11,card,2024
PMT0000550,P00014,136,2024-02-24,bank,2024
PMT0000551,P00019,99,2024-02-27,card,2024
PMT0000552,P00032,176,2024-02-12,card,2024
PMT0000553,P00041,158,2024-02-22,card,2024
PMT0000554,P00042,75,2024-02-08,card,2024
PMT0000555,P00043,132,2024-02-03,bank,2024
PMT0000556,P00048,102,2024-02-25,bank,2024
PMT0000557,P00049,113,2024-02-03,bank,2024
PMT0000558,P00050,32,2024-02-12,card,2024
PMT0000559,P00055,104,2024-02-19,bank,2024
PMT0000560,P00056,189,2024-02-08,bank,2024
PMT0000561,P00066,124,2024-02-19,bank,2024
PMT0000562,P00067,80,2024-02-24,card,2024
PMT0000563,P00070,68,2024-02-01,bank,2024
PMT0000564,P00071,36,2024-02-08,bank,2024
PMT0000565,P00072,192,2024-02-27,card,2024
PMT0000566,P00073,115,2024-02-01,bank,2024
PMT0000567,P00074,108,2024-02-04,card,2024
PMT0000568,P00075,165,2024-02-08,bank,2024
PMT0000569,P00077,155,2024-02-02,card,2024
PMT0000570,P00078,101,2024-02-03,card,2024
PMT0000571,P00080,89,2024-02-28,bank,2024
PMT0000572,P00081,125,2024-02-15,card,2024
PMT0000573,P00082,178,2024-02-04,card,2024
PMT0000574,P00083,193,2024-02-27,bank,2024
PMT0000575,P00084,49,2024-02-19,card,2024
PMT0000576,P00085,141,2024-02-22,card,2024
PMT0000577,P00087,90,2024-02-10,bank,2024
PMT0000578,P00088,110,2024-02-26,bank,2024
PMT0000579,P00089,113,2024-02-11,bank,2024
PMT0000580,P00090,99,2024-02-08,card,2024
PMT0000581,P00091,81,2024-02-05,card,2024
PMT0000582,P00092,69,2024-02-04,card,2024
PMT0000583,P00093,145,2024-02-15,bank,2024
PMT0000584,P00094,134,2024-02-04,bank,2024
PMT0000585,P00095,83,2024-02-15,bank,2024
PMT0000586,P00096,148,2024-02-09,card,2024
PMT0000587,P00001,161,2024-03-02,bank,2024
PMT0000588,P00002,96,2024-03-27,card,2024
PMT0000589,P00005,37,2024-03-13,bank,2024
PMT0000590,P00010,172,2024-03-24,card,2024
PMT0000591,P00014,54,2024-03-15,card,2024
PMT0000592,P00019,65,2024-03-04,card,2024
PMT0000593,P00032,45,2024-03-27,card,2024
PMT0000594,P00043,63,2024-03-07,bank,2024
PMT0000595,P00048,125,2024-03-22,card,2024
PMT0000596,P00050,179,2024-03-19,bank,2024
PMT0000597,P00056,49,2024-03-01,card,2024
PMT0000598,P00066,80,2024-03-21,bank,2024
PMT0000599,P00067,62,2024-03-03,bank,2024
PMT0000600,P00072,61,2024-03-02,bank,2024
PMT0000601,P00074,42,2024-03-06,bank,2024
PMT0000602,P00075,131,2024-03-16,card,2024
PMT0000603,P00078,127,2024-03-22,bank,2024
PMT0000604,P00080,74,2024-03-12,card,2024
PMT0000605,P00081,77,2024-03-09,bank,2024
PMT0000606,P00082,144,2024-03-05,card,2024
PMT0000607,P00083,187,2024-03-20,card,2024
PMT0000608,P00084,195,2024-03-10,bank,2024
PMT0000609,P00085,135,2024-03-18,bank,2024
PMT0000610,P00087,45,2024-03-03,bank,2024
PMT0000611,P00088,128,2024-03-05,bank,2024
PMT0000612,P00089,81,2024-03-21,card,2024
PMT0000613,P00090,191,2024-03-26,card,2024
PMT0000614,P00091,127,2024-03-26,bank,2024
PMT0000615,P00093,152,2024-03-18,bank,2024
PMT0000616,P00094,118,2024-03-19,bank,2024
PMT0000617,P00095,129,2024-03-09,card,2024
PMT0000618,P00096,36,2024-03-11,card,2024
PMT0000619,P00001,150,2024-04-17,bank,2024
PMT0000620,P00002,179,2024-04-08,card,2024
PMT0000621,P00005,55,2024-04-08,card,2024
PMT0000622,P00014,98,2024-04-18,card,2024
PMT0000623,P00019,86,2024-04-19,bank,2024
PMT0000624,P00032,120,2024-04-27,card,2024
PMT0000625,P00043,75,2024-04-08,bank,2024
PMT0000626,P00048,121,2024-04-19,card,2024
PMT0000627,P00050,120,2024-04-19,card,2024
PMT0000628,P00056,174,2024-04-07,bank,2024
PMT0000629,P00066,168,2024-04-10,card,2024
PMT0000630,P00067,155,2024-04-02,card,2024
PMT0000631,P00072,44,2024-04-08,card,2024
PMT0000632,P00074,35,2024-04-17,bank,2024
PMT0000633,P00075,30,2024-04-11,card,2024
PMT0000634,P00078,63,2024-04-11,card,2024
PMT0000635,P00081,112,2024-04-02,card,2024
PMT0000636,P00082,67,2024-04-19,card,2024
PMT0000637,P00083,58,2024-04-28,bank,2024
PMT0000638,P00084,48,2024-04-12,bank,2024
PMT0000639,P00085,180,2024-04-04,bank,2024
PMT0000640,P00087,107,2024-04-11,card,2024
PMT0000641,P00088,70,2024-04-24,bank,2024
PMT0000642,P00089,193,2024-04-16,bank,2024
PMT0000643,P00090,74,2024-04-23,bank,2024
PMT0000644,P00091,87,2024-04-22,card,2024
PMT0000645,P00093,126,2024-04-10,bank,2024
PMT0000646,P00094,62,2024-04-06,card,2024
PMT0000647,P00095,176,2024-04-13,card,2024
PMT0000648,P00096,76,2024-04-20,bank,2024
PMT0000649,P00001,65,2024-05-24,card,2024
PMT0000650,P00002,197,2024-05-16,bank,2024
PMT0000651,P00005,96,2024-05-14,bank,2024
PMT0000652,P00014,129,2024-05-24,card,2024
PMT0000653,P00019,179,2024-05-23,card,2024
PMT0000654,P00032,117,2024-05-24,card,2024
PMT0000655,P00043,166,2024-05-21,bank,2024
PMT0000656,P00048,121,2024-05-17,bank,2024
PMT0000657,P00050,73,2024-05-27,card,2024
PMT0000658,P00056,105,2024-05-04,bank,2024
PMT0000659,P00066,62,2024-05-24,bank,2024
PMT0000660,P00067,173,2024-05-25,card,2024
PMT0000661,P00072,115,2024-05-21,card,2024
PMT0000662,P00074,86,2024-05-12,card,2024
PMT0000663,P00075,108,2024-05-14,bank,2024
PMT0000664,P00078,125,2024-05-09,bank,2024
PMT0000665,P00081,148,2024-05-28,card,2024
PMT0000666,P00082,150,2024-05-02,card,2024
PMT0000667,P00083,150,2024-05-07,card,2024
PMT0000668,P00084,127,2024-05-17,bank,2024
PMT0000669,P00085,135,2024-05-02,card,2024
PMT0000670,P00087,65,2024-05-07,bank,2024
PMT0000671,P00088,134,2024-05-19,bank,2024
PMT0000672,P00089,66,2024-05-11,card,2024
PMT0000673,P00090,50,2024-05-16,bank,2024
PMT0000674,P00091,191,2024-05-06,bank,2024
PMT0000675,P00093,192,2024-05-02,card,2024
PMT0000676,P00094,145,2024-05-09,card,2024
PMT0000677,P00095,73,2024-05-19,card,2024
PMT0000678,P00096,155,2024-05-26,card,2024
PMT0000679,P00097,63,2024-05-20,bank,2024
PMT0000680,P00098,192,2024-05-14,bank,2024
PMT0000681,P00099,139,2024-05-16,bank,2024
PMT0000682,P00100,31,2024-05-02,card,2024
PMT0000683,P00101,125,2024-05-01,bank,2024
PMT0000684,P00102,165,2024-05-07,card,2024
PMT0000685,P00103,31,2024-05-21,card,2024
PMT0000686,P00104,87,2024-05-23,bank,2024
PMT0000687,P00105,109,2024-05-05,card,2024
PMT0000688,P00106,128,2024-05-17,bank,2024
PMT0000689,P00107,72,2024-05-03,card,2024
PMT0000690,P00108,106,2024-05-10,bank,2024
PMT0000691,P00109,163,2024-05-20,bank,2024
PMT0000692,P00110,141,2024-05-22,card,2024
PMT0000693,P00111,117,2024-05-16,bank,2024
PMT0000694,P00112,78,2024-05-06,bank,2024
PMT0000695,P00113,34,2024-05-08,card,2024
PMT0000696,P00114,63,2024-05-07,card,2024
PMT0000697,P00115,180,2024-05-17,card,2024
PMT0000698,P00001,136,2024-06-15,bank,2024
PMT0000699,P00019,61,2024-06-18,bank,2024
PMT0000700,P00032,151,2024-06-23,card,2024
PMT0000701,P00050,82,2024-06-23,card,2024
PMT0000702,P00056,107,2024-06-14,card,2024
PMT0000703,P00066,199,2024-06-17,bank,2024
PMT0000704,P00067,189,2024-06-20,card,2024
PMT0000705,P00072,137,2024-06-27,card,2024
PMT0000706,P00074,160,2024-06-24,card,2024
PMT0000707,P00075,102,2024-06-04,card,2024
PMT0000708,P00078,157,2024-06-07,card,2024
PMT0000709,P00082,97,2024-06-27,card,2024
PMT0000710,P00083,121,2024-06-23,bank,2024
PMT0000711,P00084,105,2024-06-06,card,2024
PMT0000712,P00085,170,2024-06-16,card,2024
PMT0000713,P00087,153,2024-06-11,card,2024
PMT0000714,P00088,30,2024-06-01,card,2024
PMT0000715,P00091,58,2024-06-27,bank,2024
PMT0000716,P00093,68,2024-06-03,card,2024
PMT0000717,P00094,55,2024-06-09,card,2024
PMT0000718,P00095,146,2024-06-10,bank,2024
PMT0000719,P00096,148,2024-06-02,card,2024
PMT0000720,P00097,74,2024-06-28,card,2024
PMT0000721,P00098,104,2024-06-12,bank,2024
PMT0000722,P00099,139,2024-06-24,card,2024
PMT0000723,P00100,54,2024-06-28,card,2024
PMT0000724,P00102,32,2024-06-28,card,2024
PMT0000725,P00103,199,2024-06-21,card,2024
PMT0000726,P00109,114,2024-06-12,bank,2024
PMT0000727,P00111,189,2024-06-09,card,2024
PMT0000728,P00113,125,2024-06-27,bank,2024
PMT0000729,P00114,76,2024-06-04,bank,2024
PMT0000730,P00115,132,2024-06-15,bank,2024
PMT0000731,P00001,179,2024-07-16,card,2024
PMT0000732,P00019,178,2024-07-06,card,2024
PMT0000733,P00032,56,2024-07-13,bank,2024
PMT0000734,P00050,159,2024-07-13,bank,2024
PMT0000735,P00056,185,2024-07-23,card,2024
PMT0000736,P00066,100,2024-07-13,bank,2024
PMT0000737,P00067,105,2024-07-15,card,2024
PMT0000738,P00072,65,2024-07-14,bank,2024
PMT0000739,P00074,170,2024-07-28,bank,2024
PMT0000740,P00075,171,2024-07-21,card,2024
PMT0000741,P00078,81,2024-07-07,bank,2024
PMT0000742,P00082,118,2024-07-22,card,2024
PMT0000743,P00083,196,2024-07-06,bank,2024
PMT0000744,P00084,59,2024-07-25,bank,2024
PMT0000745,P00085,173,2024-07-16,bank,2024
PMT0000746,P00087,166,2024-07-10,bank,2024
PMT0000747,P00088,33,2024-07-17,card,2024
PMT0000748,P00091,36,2024-07-13,card,2024
PMT0000749,P00093,43,2024-07-22,card,2024
PMT0000750,P00094,81,2024-07-09,card,2024
PMT0000751,P00095,103,2024-07-22,bank,2024
PMT0000752,P00096,67,2024-07-27,card,2024
PMT0000753,P00097,105,2024-07-07,card,2024
PMT0000754,P00098,121,2024-07-27,bank,2024
PMT0000755,P00099,56,2024-07-20,card,2024
PMT0000756,P00100,195,2024-07-18,bank,2024
PMT0000757,P00102,90,2024-07-17,bank,2024
PMT0000758,P00103,200,2024-07-02,bank,2024
PMT0000759,P00109,129,2024-07-14,bank,2024
PMT0000760,P00111,171,2024-07-02,card,2024
PMT0000761,P00113,94,2024-07-07,bank,2024
PMT0000762,P00114,87,2024-07-21,bank,2024
PMT0000763,P00115,180,2024-07-18,card,2024
PMT0000764,P00116,79,2024-07-10,bank,2024
PMT0000765,P00117,75,2024-07-22,card,2024
PMT0000766,P00118,77,2024-07-06,card,2024
PMT0000767,P00119,126,2024-07-02,bank,2024
PMT0000768,P00120,101,2024-07-18,bank,2024
PMT0000769,P00121,63,2024-07-06,bank,2024
PMT0000770,P00122,31,2024-07-11,bank,2024
PMT0000771,P00123,69,2024-07-02,card,2024
PMT0000772,P00124,112,2024-07-20,card,2024
PMT0000773,P00001,47,2024-08-09,card,2024
PMT0000774,P00019,80,2024-08-24,bank,2024
PMT0000775,P00032,114,2024-08-12,card,2024
PMT0000776,P00050,197,2024-08-08,card,2024
PMT0000777,P00056,102,2024-08-20,card,2024
PMT0000778,P00066,79,2024-08-11,bank,2024
PMT0000779,P00067,145,2024-08-11,bank,2024
PMT0000780,P00072,179,2024-08-05,bank,2024
PMT0000781,P00074,110,2024-08-14,card,2024
PMT0000782,P00075,31,2024-08-11,card,2024
PMT0000783,P00078,86,2024-08-23,bank,2024
PMT0000784,P00082,100,2024-08-27,bank,2024
PMT0000785,P00083,64,2024-08-22,bank,2024
PMT0000786,P00084,152,2024-08-15,bank,2024
PMT0000787,P00085,121,2024-08-25,bank,2024
PMT0000788,P00087,154,2024-08-18,card,2024
PMT0000789,P00088,74,2024-08-21,card,2024
PMT0000790,P00091,101,2024-08-28,card,2024
PMT0000791,P00093,167,2024-08-07,bank,2024
PMT0000792,P00094,190,2024-08-03,card,2024
PMT0000793,P00095,34,2024-08-28,card,2024
PMT0000794,P00096,178,2024-08-19,bank,2024
PMT0000795,P00097,181,2024-08-07,card,2024
PMT0000796,P00098,171,2024-08-09,bank,2024
PMT0000797,P00099,197,2024-08-25,card,2024
PMT0000798,P00100,123,2024-08-13,card,2024
PMT0000799,P00102,180,2024-08-24,bank,2024
PMT0000800,P00103,64,2024-08-15,card,2024
PMT0000801,P00109,131,2024-08-12,card,2024
PMT0000802,P00111,199,2024-08-08,card,2024
PMT0000803,P00113,161,2024-08-05,bank,2024
PMT0000804,P00114,70,2024-08-06,card,2024
PMT0000805,P00115,153,2024-08-12,card,2024
PMT0000806,P00116,86,2024-08-25,bank,2024
PMT0000807,P00117,89,2024-08-03,bank,2024
PMT0000808,P00118,124,2024-08-08,card,2024
PMT0000809,P00119,82,2024-08-17,bank,2024
PMT0000810,P00120,129,2024-08-16,bank,2024
PMT0000811,P00121,41,2024-08-02,bank,2024
PMT0000812,P00122,56,2024-08-23,bank,2024
PMT0000813,P00123,97,2024-08-19,card,2024
PMT0000814,P00124,126,2024-08-21,bank,2024
PMT0000815,P00125,123,2024-08-19,card,2024
PMT0000816,P00126,162,2024-08-09,bank,2024
PMT0000817,P00127,87,2024-08-17,bank,2024
PMT0000818,P00128,120,2024-08-27,bank,2024
PMT0000819,P00129,154,2024-08-26,bank,2024
PMT0000820,P00130,184,2024-08-01,card,2024
PMT0000821,P00131,142,2024-08-06,card,2024
PMT0000822,P00132,49,2024-08-17,bank,2024
PMT0000823,P00001,83,2024-09-19,card,2024
PMT0000824,P00019,195,2024-09-27,bank,2024
PMT0000825,P00032,35,2024-09-08,card,2024
PMT0000826,P00050,62,2024-09-19,card,2024
PMT0000827,P00056,64,2024-09-21,card,2024
PMT0000828,P00066,176,2024-09-05,card,2024
PMT0000829,P00067,72,2024-09-09,card,2024
PMT0000830,P00074,162,2024-09-13,card,2024
PMT0000831,P00083,199,2024-09-27,bank,2024
PMT0000832,P00084,51,2024-09-07,bank,2024
PMT0000833,P00087,185,2024-09-16,bank,2024
PMT0000834,P00088,73,2024-09-08,bank,2024
PMT0000835,P00091,183,2024-09-05,card,2024
PMT0000836,P00093,189,2024-09-22,bank,2024
PMT0000837,P00094,72,2024-09-24,bank,2024
PMT0000838,P00095,146,2024-09-20,card,2024
PMT0000839,P00097,88,2024-09-13,bank,2024
PMT0000840,P00099,63,2024-09-04,card,2024
PMT0000841,P00100,81,2024-09-17,bank,2024
PMT0000842,P00103,68,2024-09-20,card,2024
PMT0000843,P00109,75,2024-09-16,card,2024
PMT0000844,P00111,166,2024-09-17,card,2024
PMT0000845,P00114,53,2024-09-16,card,2024
PMT0000846,P00115,184,2024-09-18,card,2024
PMT0000847,P00116,196,2024-09-14,bank,2024
PMT0000848,P00117,124,2024-09-28,card,2024
PMT0000849,P00118,165,2024-09-14,card,2024
PMT0000850,P00119,153,2024-09-26,bank,2024
PMT0000851,P00122,119,2024-09-19,card,2024
PMT0000852,P00123,138,2024-09-05,bank,2024
PMT0000853,P00124,152,2024-09-25,card,2024
PMT0000854,P00126,51,2024-09-10,bank,2024
PMT0000855,P00129,95,2024-09-07,card,2024
PMT0000856,P00130,31,2024-09-19,card,2024
PMT0000857,P00131,163,2024-09-01,bank,2024
PMT0000858,P00132,197,2024-09-07,bank,2024
PMT0000859,P00001,127,2024-10-21,card,2024
PMT0000860,P00019,88,2024-10-26,bank,2024
PMT0000861,P00032,135,2024-10-12,card,2024
PMT0000862,P00050,97,2024-10-08,bank,2024
PMT0000863,P00056,53,2024-10-13,bank,2024
PMT0000864,P00066,49,2024-10-18,card,2024
PMT0000865,P00067,151,2024-10-11,bank,2024
PMT0000866,P00074,85,2024-10-19,bank,2024
PMT0000867,P00083,76,2024-10-24,card,2024
PMT0000868,P00084,157,2024-10-24,card,2024
PMT0000869,P00087,90,2024-10-24,card,2024
PMT0000870,P00088,97,2024-10-07,card,2024
PMT0000871,P00091,81,2024-10-27,card,2024
PMT0000872,P00093,188,2024-10-12,card,2024
PMT0000873,P00094,57,2024-10-04,card,2024
PMT0000874,P00095,199,2024-10-16,card,2024
PMT0000875,P00097,168,2024-10-02,bank,2024
PMT0000876,P00099,125,2024-10-20,bank,2024
PMT0000877,P00100,156,2024-10-19,bank,2024
PMT0000878,P00103,155,2024-10-06,bank,2024
PMT0000879,P00109,131,2024-10-08,card,2024
PMT0000880,P00111,43,2024-10-17,bank,2024
PMT0000881,P00114,152,2024-10-18,card,2024
PMT0000882,P00115,158,2024-10-12,bank,2024
PMT0000883,P00116,74,2024-10-15,card,2024
PMT0000884,P00117,162,2024-10-15,bank,2024
PMT0000885,P00118,32,2024-10-01,card,2024
PMT0000886,P00119,127,2024-10-19,card,2024
PMT0000887,P00122,113,2024-10-12,bank,2024
PMT0000888,P00123,77,2024-10-18,bank,2024
PMT0000889,P00124,90,2024-10-09,bank,2024
PMT0000890,P00126,186,2024-10-11,bank,2024
PMT0000891,P00129,77,2024-10-16,bank,2024
PMT0000892,P00130,83,2024-10-14,bank,2024
PMT0000893,P00131,123,2024-10-28,bank,2024
PMT0000894,P00132,101,2024-10-15,card,2024
PMT0000895,P00133,176,2024-10-05,card,2024
PMT0000896,P00134,55,2024-10-24,bank,2024
PMT0000897,P00135,90,2024-10-18,bank,2024
PMT0000898,P00136,127,2024-10-07,card,2024
PMT0000899,P00137,68,2024-10-16,card,2024
PMT0000900,P00138,75,2024-10-14,bank,2024
PMT0000901,P00139,64,2024-10-28,bank,2024
PMT0000902,P00001,187,2024-11-10,bank,2024
PMT0000903,P00019,191,2024-11-05,card,2024
PMT0000904,P00032,193,2024-11-26,bank,2024
PMT0000905,P00050,137,2024-11-21,bank,2024
PMT0000906,P00056,48,2024-11-03,card,2024
PMT0000907,P00066,117,2024-11-08,bank,2024
PMT0000908,P00067,111,2024-11-21,bank,2024
PMT0000909,P00074,98,2024-11-20,bank,2024
PMT0000910,P00083,99,2024-11-15,bank,2024
PMT0000911,P00084,180,2024-11-17,bank,2024
PMT0000912,P00087,135,2024-11-06,card,2024
PMT0000913,P00088,35,2024-11-05,card,2024
PMT0000914,P00091,199,2024-11-09,card,2024
PMT0000915,P00093,83,2024-11-06,bank,2024
PMT0000916,P00094,56,2024-11-04,card,2024
PMT0000917,P00095,151,2024-11-18,card,2024
PMT0000918,P00097,36,2024-11-25,bank,2024
PMT0000919,P00099,164,2024-11-25,card,2024
PMT0000920,P00100,56,2024-11-09,card,2024
PMT0000921,P00103,51,2024-11-21,bank,2024
PMT0000922,P00109,109,2024-11-08,card,2024
PMT0000923,P00111,102,2024-11-15,card,2024
PMT0000924,P00114,63,2024-11-17,card,2024
PMT0000925,P00115,37,2024-11-02,bank,2024
PMT0000926,P00116,113,2024-11-28,bank,2024
PMT0000927,P00117,149,2024-11-28,bank,2024
PMT0000928,P00118,170,2024-11-15,card,2024
PMT0000929,P00119,168,2024-11-06,bank,2024
PMT0000930,P00122,191,2024-11-24,bank,2024
PMT0000931,P00123,164,2024-11-21,bank,2024
PMT0000932,P00124,118,2024-11-16,card,2024
PMT0000933,P00126,52,2024-11-15,bank,2024
PMT0000934,P00129,123,2024-11-14,bank,2024
PMT0000935,P00130,69,2024-11-10,card,2024
PMT0000936,P00131,30,2024-11-17,card,2024
PMT0000937,P00132,118,2024-11-10,bank,2024
PMT0000938,P00133,166,2024-11-01,bank,2024
PMT0000939,P00134,152,2024-11-10,card,2024
PMT0000940,P00135,140,2024-11-26,bank,2024
PMT0000941,P00136,182,2024-11-08,card,2024
PMT0000942,P00137,170,2024-11-12,card,2024
PMT0000943,P00138,135,2024-11-18,bank,2024
PMT0000944,P00139,131,2024-11-08,card,2024
PMT0000945,P00140,195,2024-11-13,bank,2024
PMT0000946,P00141,86,2024-11-09,card,2024
PMT0000947,P00001,162,2024-12-25,bank,2024
PMT0000948,P00019,102,2024-12-21,bank,2024
PMT0000949,P00032,135,2024-12-07,card,2024
PMT0000950,P00050,76,2024-12-05,bank,2024
PMT0000951,P00056,58,2024-12-21,bank,2024
PMT0000952,P00066,188,2024-12-15,bank,2024
PMT0000953,P00067,189,2024-12-16,card,2024
PMT0000954,P00074,112,2024-12-01,card,2024
PMT0000955,P00083,42,2024-12-18,card,2024
PMT0000956,P00084,77,2024-12-04,bank,2024
PMT0000957,P00087,98,2024-12-05,bank,2024
PMT0000958,P00088,32,2024-12-08,card,2024
PMT0000959,P00091,68,2024-12-01,bank,2024
PMT0000960,P00093,85,2024-12-11,bank,2024
PMT0000961,P00094,109,2024-12-26,bank,2024
PMT0000962,P00097,125,2024-12-15,card,2024
PMT0000963,P00099,114,2024-12-03,card,2024
PMT0000964,P00100,44,2024-12-09,bank,2024
PMT0000965,P00103,48,2024-12-18,bank,2024
PMT0000966,P00109,76,2024-12-07,bank,2024
PMT0000967,P00111,127,2024-12-27,card,2024
PMT0000968,P00114,61,2024-12-25,card,2024
PMT0000969,P00115,128,2024-12-25,bank,2024
PMT0000970,P00116,93,2024-12-24,card,2024
PMT0000971,P00117,80,2024-12-15,card,2024
PMT0000972,P00118,163,2024-12-22,card,2024
PMT0000973,P00119,151,2024-12-13,bank,2024
PMT0000974,P00122,112,2024-12-06,card,2024
PMT0000975,P00123,170,2024-12-17,card,2024
PMT0000976,P00124,94,2024-12-16,bank,2024
PMT0000977,P00126,80,2024-12-12,card,2024
PMT0000978,P00129,200,2024-12-07,card,2024
PMT0000979,P00130,90,2024-12-21,bank,2024
PMT0000980,P00131,113,2024-12-01,card,2024
PMT0000981,P00132,100,2024-12-19,card,2024
PMT0000982,P00133,131,2024-12-26,card,2024
PMT0000983,P00134,32,2024-12-02,bank,2024
PMT0000984,P00135,182,2024-12-05,bank,2024
PMT0000985,P00136,52,2024-12-08,card,2024
PMT0000986,P00138,157,2024-12-03,bank,2024
PMT0000987,P00139,190,2024-12-02,card,2024
PMT0000988,P00140,121,2024-12-21,card,2024
PMT0000989,P00141,167,2024-12-26,card,2024
PMT0000990,P00001,121,2025-01-24,card,2025
PMT0000991,P00032,94,2025-01-02,bank,2025
PMT0000992,P00050,142,2025-01-18,bank,2025
PMT0000993,P00056,168,2025-01-23,bank,2025
PMT0000994,P00066,78,2025-01-19,card,2025
PMT0000995,P00067,169,2025-01-12,bank,2025
PMT0000996,P00074,149,2025-01-09,card,2025
PMT0000997,P00083,47,2025-01-17,card,2025
PMT0000998,P00084,145,2025-01-10,bank,2025
PMT0000999,P00087,168,2025-01-12,bank,2025
PMT0001000,P00088,30,2025-01-25,bank,2025
PMT0001001,P00093,77,2025-01-01,bank,2025
PMT0001002,P00097,188,2025-01-08,bank,2025
PMT0001003,P00099,46,2025-01-22,bank,2025
PMT0001004,P00100,78,2025-01-17,bank,2025
PMT0001005,P00103,171,2025-01-05,bank,2025
PMT0001006,P00109,112,2025-01-14,bank,2025
PMT0001007,P00114,58,2025-01-04,card,2025
PMT0001008,P00116,41,2025-01-27,card,2025
PMT0001009,P00118,75,2025-01-28,card,2025
PMT0001010,P00119,81,2025-01-04,bank,2025
PMT0001011,P00122,79,2025-01-04,card,2025
PMT0001012,P00124,176,2025-01-21,bank,2025
PMT0001013,P00126,198,2025-01-16,bank,2025
PMT0001014,P00130,42,2025-01-12,card,2025
PMT0001015,P00131,185,2025-01-23,card,2025
PMT0001016,P00132,33,2025-01-07,bank,2025
PMT0001017,P00134,50,2025-01-15,card,2025
PMT0001018,P00135,122,2025-01-18,bank,2025
PMT0001019,P00136,124,2025-01-26,card,2025
PMT0001020,P00138,187,2025-01-09,card,2025
PMT0001021,P00139,48,2025-01-27,bank,2025
PMT0001022,P00140,49,2025-01-07,card,2025
PMT0001023,P00141,55,2025-01-24,card,2025
PMT0001024,P00001,147,2025-02-18,card,2025
PMT0001025,P00032,40,2025-02-08,bank,2025
PMT0001026,P00050,115,2025-02-16,bank,2025
PMT0001027,P00056,70,2025-02-01,bank,2025
PMT0001028,P00066,120,2025-02-12,bank,2025
PMT0001029,P00067,90,2025-02-17,bank,2025
PMT0001030,P00074,45,2025-02-21,bank,2025
PMT0001031,P00083,129,2025-02-27,card,2025
PMT0001032,P00084,172,2025-02-09,card,2025
PMT0001033,P00087,68,2025-02-11,bank,2025
PMT0001034,P00088,198,2025-02-05,card,2025
PMT0001035,P00093,127,2025-02-17,card,2025
PMT0001036,P00097,136,2025-02-08,card,2025
PMT0001037,P00099,139,2025-02-10,bank,2025
PMT0001038,P00100,144,2025-02-18,card,2025
PMT0001039,P00103,82,2025-02-21,card,2025
PMT0001040,P00109,178,2025-02-18,card,2025
PMT0001041,P00114,65,2025-02-10,card,2025
PMT0001042,P00116,140,2025-02-25,card,2025
PMT0001043,P00118,197,2025-02-19,card,2025
PMT0001044,P00119,111,2025-02-03,card,2025
PMT0001045,P00122,77,2025-02-11,card,2025
PMT0001046,P00124,37,2025-02-25,bank,2025
PMT0001047,P00126,135,2025-02-14,bank,2025
PMT0001048,P00130,143,2025-02-24,bank,2025
PMT0001049,P00131,68,2025-02-25,card,2025
PMT0001050,P00132,57,2025-02-05,card,2025
PMT0001051,P00134,36,2025-02-25,bank,2025
PMT0001052,P00135,185,2025-02-19,card,2025
PMT0001053,P00136,182,2025-02-08,card,2025
PMT0001054,P00138,36,2025-02-12,card,2025
PMT0001055,P00139,152,2025-02-05,bank,2025
PMT0001056,P00140,196,2025-02-12,card,2025
PMT0001057,P00141,129,2025-02-16,bank,2025
PMT0001058,P00142,65,2025-02-06,card,2025
PMT0001059,P00143,87,2025-02-02,bank,2025
PMT0001060,P00144,33,2025-02-09,bank,2025
PMT0001061,P00145,86,2025-02-24,card,2025
PMT0001062,P00146,82,2025-02-03,card,2025
PMT0001063,P00147,142,2025-02-28,bank,2025
PMT0001064,P00148,113,2025-02-28,bank,2025
PMT0001065,P00149,93,2025-02-14,bank,2025
PMT0001066,P00150,40,2025-02-20,bank,2025
PMT0001067,P00151,110,2025-02-13,card,2025
PMT0001068,P00152,163,2025-02-04,bank,2025
PMT0001069,P00153,146,2025-02-27,card,2025
PMT0001070,P00154,92,2025-02-17,bank,2025
PMT0001071,P00001,162,2025-03-05,bank,2025
PMT0001072,P00032,195,2025-03-15,card,2025
PMT0001073,P00050,158,2025-03-04,card,2025
PMT0001074,P00066,179,2025-03-23,card,2025
PMT0001075,P00067,130,2025-03-14,bank,2025
PMT0001076,P00074,145,2025-03-01,card,2025
PMT0001077,P00083,146,2025-03-19,card,2025
PMT0001078,P00084,146,2025-03-03,bank,2025
PMT0001079,P00087,112,2025-03-23,card,2025
PMT0001080,P00093,61,2025-03-03,card,2025
PMT0001081,P00099,145,2025-03-21,bank,2025
PMT0001082,P00100,51,2025-03-17,bank,2025
PMT0001083,P00103,160,2025-03-20,card,2025
PMT0001084,P00109,126,2025-03-18,bank,2025
PMT0001085,P00114,41,2025-03-25,card,2025
PMT0001086,P00119,115,2025-03-19,card,2025
PMT0001087,P00122,71,2025-03-28,card,2025
PMT0001088,P00124,75,2025-03-25,card,2025
PMT0001089,P00126,137,2025-03-10,bank,2025
PMT0001090,P00132,144,2025-03-10,card,2025
PMT0001091,P00138,60,2025-03-05,card,2025
PMT0001092,P00139,30,2025-03-20,bank,2025
PMT0001093,P00140,33,2025-03-15,bank,2025
PMT0001094,P00142,157,2025-03-18,card,2025
PMT0001095,P00145,185,2025-03-16,card,2025
PMT0001096,P00146,85,2025-03-19,bank,2025
PMT0001097,P00147,146,2025-03-14,bank,2025
PMT0001098,P00149,50,2025-03-20,card,2025
PMT0001099,P00152,92,2025-03-18,bank,2025
PMT0001100,P00153,188,2025-03-21,card,2025
PMT0001101,P00154,42,2025-03-06,card,2025
PMT0001102,P00001,197,2025-04-12,card,2025
PMT0001103,P00032,67,2025-04-28,card,2025
PMT0001104,P00050,200,2025-04-19,bank,2025
PMT0001105,P00066,114,2025-04-03,card,2025
PMT0001106,P00067,57,2025-04-14,card,2025
PMT0001107,P00074,71,2025-04-22,bank,2025
PMT0001108,P00083,186,2025-04-22,card,2025
PMT0001109,P00084,146,2025-04-24,bank,2025
PMT0001110,P00087,39,2025-04-03,bank,2025
PMT0001111,P00093,112,2025-04-12,bank,2025
PMT0001112,P00099,47,2025-04-25,bank,2025
PMT0001113,P00100,170,2025-04-03,bank,2025
PMT0001114,P00103,150,2025-04-05,card,2025
PMT0001115,P00109,100,2025-04-11,bank,2025
PMT0001116,P00114,164,2025-04-07,card,2025
PMT0001117,P00119,186,2025-04-02,card,2025
PMT0001118,P00122,176,2025-04-24,card,2025
PMT0001119,P00124,153,2025-04-24,bank,2025
PMT0001120,P00126,139,2025-04-20,bank,2025
PMT0001121,P00132,96,2025-04-17,bank,2025
PMT0001122,P00138,63,2025-04-20,bank,2025
PMT0001123,P00139,163,2025-04-24,bank,2025
PMT0001124,P00140,156,2025-04-26,card,2025
PMT0001125,P00142,186,2025-04-08,bank,2025
PMT0001126,P00145,79,2025-04-01,card,2025
PMT0001127,P00146,36,2025-04-15,card,2025
PMT0001128,P00147,83,2025-04-26,bank,2025
PMT0001129,P00149,135,2025-04-02,bank,2025
PMT0001130,P00152,119,2025-04-18,card,2025
PMT0001131,P00153,32,2025-04-21,card,2025
PMT0001132,P00154,102,2025-04-09,card,2025
PMT0001133,P00001,168,2025-05-15,card,2025
PMT0001134,P00032,63,2025-05-01,bank,2025
PMT0001135,P00050,42,2025-05-04,bank,2025
PMT0001136,P00066,43,2025-05-03,bank,2025
PMT0001137,P00067,130,2025-05-06,bank,2025
PMT0001138,P00074,187,2025-05-12,bank,2025
PMT0001139,P00083,115,2025-05-27,card,2025
PMT0001140,P00084,166,2025-05-03,bank,2025
PMT0001141,P00087,175,2025-05-05,card,2025
PMT0001142,P00093,149,2025-05-04,bank,2025
PMT0001143,P00099,109,2025-05-22,bank,2025
PMT0001144,P00100,150,2025-05-08,card,2025
PMT0001145,P00103,66,2025-05-28,bank,2025
PMT0001146,P00109,123,2025-05-13,card,2025
PMT0001147,P00114,200,2025-05-11,bank,2025
PMT0001148,P00119,146,2025-05-16,card,2025
PMT0001149,P00122,46,2025-05-16,card,2025
PMT0001150,P00124,119,2025-05-16,bank,2025
PMT0001151,P00126,73,2025-05-10,bank,2025
PMT0001152,P00132,184,2025-05-19,card,2025
PMT0001153,P00138,160,2025-05-04,bank,2025
PMT0001154,P00139,57,2025-05-11,card,2025
PMT0001155,P00140,107,2025-05-18,bank,2025
PMT0001156,P00142,132,2025-05-19,bank,2025
PMT0001157,P00145,91,2025-05-20,card,2025
PMT0001158,P00146,170,2025-05-06,bank,2025
PMT0001159,P00147,128,2025-05-03,bank,2025
PMT0001160,P00149,83,2025-05-27,bank,2025
PMT0001161,P00152,141,2025-05-19,bank,2025
PMT0001162,P00153,169,2025-05-23,card,2025
PMT0001163,P00154,74,2025-05-22,card,2025
PMT0001164,P00155,176,2025-05-27,bank,2025
PMT0001165,P00156,59,2025-05-19,bank,2025
PMT0001166,P00157,113,2025-05-18,card,2025
PMT0001167,P00158,143,2025-05-06,bank,2025
PMT0001168,P00159,133,2025-05-03,card,2025
PMT0001169,P00160,182,2025-05-25,bank,2025
PMT0001170,P00161,113,2025-05-16,card,2025
PMT0001171,P00162,53,2025-05-07,card,2025
PMT0001172,P00001,189,2025-06-01,bank,2025
PMT0001173,P00032,154,2025-06-03,card,2025
PMT0001174,P00050,159,2025-06-03,bank,2025
PMT0001175,P00066,94,2025-06-05,bank,2025
PMT0001176,P00067,100,2025-06-28,bank,2025
PMT0001177,P00074,33,2025-06-24,card,2025
PMT0001178,P00083,184,2025-06-06,card,2025
PMT0001179,P00084,198,2025-06-15,bank,2025
PMT0001180,P00087,74,2025-06-09,card,2025
PMT0001181,P00093,154,2025-06-06,card,2025
PMT0001182,P00099,117,2025-06-03,card,2025
PMT0001183,P00100,182,2025-06-27,card,2025
PMT0001184,P00103,156,2025-06-25,bank,2025
PMT0001185,P00109,128,2025-06-08,bank,2025
PMT0001186,P00114,193,2025-06-06,card,2025
PMT0001187,P00119,177,2025-06-24,bank,2025
PMT0001188,P00122,43,2025-06-21,bank,2025
PMT0001189,P00124,59,2025-06-02,card,2025
PMT0001190,P00126,148,2025-06-13,bank,2025
PMT0001191,P00132,107,2025-06-16,card,2025
PMT0001192,P00138,127,2025-06-22,bank,2025
PMT0001193,P00139,151,2025-06-09,card,2025
PMT0001194,P00140,165,2025-06-28,bank,2025
PMT0001195,P00142,33,2025-06-10,bank,2025
PMT0001196,P00145,127,2025-06-22,bank,2025
PMT0001197,P00146,165,2025-06-22,card,2025
PMT0001198,P00147,54,2025-06-18,bank,2025
PMT0001199,P00149,140,2025-06-20,bank,2025
PMT0001200,P00152,115,2025-06-09,bank,2025
PMT0001201,P00153,55,2025-06-09,bank,2025
PMT0001202,P00154,148,2025-06-25,card,2025
PMT0001203,P00155,180,2025-06-25,card,2025
PMT0001204,P00156,163,2025-06-11,card,2025
PMT0001205,P00157,110,2025-06-18,card,2025
PMT0001206,P00158,32,2025-06-27,card,2025
PMT0001207,P00159,33,2025-06-14,card,2025
PMT0001208,P00160,164,2025-06-04,bank,2025
PMT0001209,P00161,119,2025-06-08,bank,2025
PMT0001210,P00162,94,2025-06-07,card,2025
PMT0001211,P00163,36,2025-06-20,card,2025
PMT0001212,P00164,44,2025-06-20,card,2025
PMT0001213,P00165,183,2025-06-21,card,2025
PMT0001214,P00166,60,2025-06-03,card,2025
PMT0001215,P00167,126,2025-06-22,card,2025
PMT0001216,P00168,58,2025-06-23,card,2025
PMT0001217,P00169,94,2025-06-10,bank,2025
PMT0001218,P00170,199,2025-06-03,bank,2025
PMT0001219,P00171,100,2025-06-25,bank,2025
PMT0001220,P00001,45,2025-07-09,bank,2025
PMT0001221,P00032,75,2025-07-15,card,2025
PMT0001222,P00050,155,2025-07-07,bank,2025
PMT0001223,P00074,75,2025-07-21,bank,2025
PMT0001224,P00083,57,2025-07-05,bank,2025
PMT0001225,P00084,85,2025-07-20,card,2025
PMT0001226,P00087,143,2025-07-23,bank,2025
PMT0001227,P00093,56,2025-07-02,card,2025
PMT0001228,P00100,48,2025-07-19,bank,2025
PMT0001229,P00103,144,2025-07-01,bank,2025
PMT0001230,P00109,68,2025-07-21,card,2025
PMT0001231,P00114,39,2025-07-22,bank,2025
PMT0001232,P00119,98,2025-07-05,bank,2025
PMT0001233,P00126,130,2025-07-19,card,2025
PMT0001234,P00132,161,2025-07-23,bank,2025
PMT0001235,P00138,152,2025-07-14,bank,2025
PMT0001236,P00140,47,2025-07-18,card,2025
PMT0001237,P00142,30,2025-07-13,bank,2025
PMT0001238,P00146,61,2025-07-19,bank,2025
PMT0001239,P00147,115,2025-07-22,bank,2025
PMT0001240,P00149,132,2025-07-02,card,2025
PMT0001241,P00152,123,2025-07-18,bank,2025
PMT0001242,P00153,50,2025-07-27,bank,2025
PMT0001243,P00154,104,2025-07-21,card,2025
PMT0001244,P00155,75,2025-07-18,card,2025
PMT0001245,P00156,128,2025-07-22,card,2025
PMT0001246,P00157,106,2025-07-23,bank,2025
PMT0001247,P00158,57,2025-07-21,bank,2025
PMT0001248,P00159,154,2025-07-03,bank,2025
PMT0001249,P00160,78,2025-07-05,card,2025
PMT0001250,P00161,79,2025-07-01,card,2025
PMT0001251,P00162,155,2025-07-13,card,2025
PMT0001252,P00163,168,2025-07-21,bank,2025
PMT0001253,P00164,157,2025-07-18,bank,2025
PMT0001254,P00165,34,2025-07-02,bank,2025
PMT0001255,P00167,44,2025-07-11,card,2025
PMT0001256,P00168,133,2025-07-04,card,2025
PMT0001257,P00169,197,2025-07-22,bank,2025
PMT0001258,P00170,167,2025-07-05,card,2025
PMT0001259,P00171,48,2025-07-02,card,2025
PMT0001260,P00001,54,2025-08-20,bank,2025
PMT0001261,P00032,168,2025-08-17,card,2025
PMT0001262,P00050,148,2025-08-25,card,2025
PMT0001263,P00074,100,2025-08-02,card,2025
PMT0001264,P00083,58,2025-08-26,card,2025
PMT0001265,P00084,151,2025-08-16,card,2025
PMT0001266,P00087,70,2025-08-22,card,2025
PMT0001267,P00093,43,2025-08-21,bank,2025
PMT0001268,P00100,102,2025-08-07,bank,2025
PMT0001269,P00103,94,2025-08-11,bank,2025
PMT0001270,P00109,41,2025-08-04,card,2025
PMT0001271,P00114,167,2025-08-06,card,2025
PMT0001272,P00119,37,2025-08-16,card,2025
PMT0001273,P00126,48,2025-08-08,bank,2025
PMT0001274,P00132,181,2025-08-19,bank,2025
PMT0001275,P00138,137,2025-08-07,bank,2025
PMT0001276,P00140,88,2025-08-25,card,2025
PMT0001277,P00142,113,2025-08-08,card,2025
PMT0001278,P00146,90,2025-08-24,bank,2025
PMT0001279,P00147,81,2025-08-13,card,2025
PMT0001280,P00149,48,2025-08-16,bank,2025
PMT0001281,P00152,43,2025-08-14,card,2025
PMT0001282,P00153,85,2025-08-20,bank,2025
PMT0001283,P00154,75,2025-08-13,bank,2025
PMT0001284,P00155,64,2025-08-15,card,2025
PMT0001285,P00156,191,2025-08-12,bank,2025
PMT0001286,P00157,81,2025-08-11,card,2025
PMT0001287,P00158,38,2025-08-23,card,2025
PMT0001288,P00159,101,2025-08-05,card,2025
PMT0001289,P00160,149,2025-08-15,bank,2025
PMT0001290,P00161,73,2025-08-25,bank,2025
PMT0001291,P00162,86,2025-08-10,card,2025
PMT0001292,P00163,193,2025-08-20,card,2025
PMT0001293,P00164,177,2025-08-18,card,2025
PMT0001294,P00165,52,2025-08-14,bank,2025
PMT0001295,P00167,85,2025-08-19,bank,2025
PMT0001296,P00168,148,2025-08-09,card,2025
PMT0001297,P00169,139,2025-08-24,card,2025
PMT0001298,P00170,93,2025-08-11,bank,2025
PMT0001299,P00171,178,2025-08-08,card,2025
PMT0001300,P00172,176,2025-08-01,bank,2025
PMT0001301,P00173,41,2025-08-02,bank,2025
PMT0001302,P00174,159,2025-08-02,bank,2025
PMT0001303,P00175,165,2025-08-13,bank,2025
PMT0001304,P00176,55,2025-08-15,bank,2025
PMT0001305,P00032,91,2025-09-21,card,2025
PMT0001306,P00050,34,2025-09-16,bank,2025
PMT0001307,P00074,71,2025-09-23,bank,2025
PMT0001308,P00083,176,2025-09-24,card,2025
PMT0001309,P00087,146,2025-09-15,card,2025
PMT0001310,P00093,133,2025-09-06,bank,2025
PMT0001311,P00103,190,2025-09-15,card,2025
PMT0001312,P00109,190,2025-09-03,bank,2025
PMT0001313,P00114,115,2025-09-17,card,2025
PMT0001314,P00119,105,2025-09-14,bank,2025
PMT0001315,P00132,186,2025-09-18,card,2025
PMT0001316,P00138,50,2025-09-20,bank,2025
PMT0001317,P00140,44,2025-09-17,bank,2025
PMT0001318,P00142,43,2025-09-04,bank,2025
PMT0001319,P00147,123,2025-09-15,card,2025
PMT0001320,P00149,123,2025-09-12,card,2025
PMT0001321,P00152,195,2025-09-18,card,2025
PMT0001322,P00154,173,2025-09-23,card,2025
PMT0001323,P00155,65,2025-09-11,card,2025
PMT0001324,P00156,168,2025-09-04,bank,2025
PMT0001325,P00158,178,2025-09-28,card,2025
PMT0001326,P00159,87,2025-09-11,bank,2025
PMT0001327,P00160,98,2025-09-17,bank,2025
PMT0001328,P00161,100,2025-09-02,card,2025
PMT0001329,P00162,125,2025-09-12,bank,2025
PMT0001330,P00163,154,2025-09-17,card,2025
PMT0001331,P00164,150,2025-09-23,bank,2025
PMT0001332,P00165,145,2025-09-20,bank,2025
PMT0001333,P00168,46,2025-09-07,bank,2025
PMT0001334,P00169,52,2025-09-03,bank,2025
PMT0001335,P00170,75,2025-09-10,card,2025
PMT0001336,P00171,57,2025-09-06,bank,2025
PMT0001337,P00172,58,2025-09-23,card,2025
PMT0001338,P00173,157,2025-09-05,card,2025
PMT0001339,P00174,163,2025-09-21,card,2025
PMT0001340,P00175,105,2025-09-14,card,2025
PMT0001341,P00176,151,2025-09-12,bank,2025
PMT0001342,P00032,85,2025-10-24,bank,2025
PMT0001343,P00050,136,2025-10-26,bank,2025
PMT0001344,P00074,103,2025-10-06,bank,2025
PMT0001345,P00083,136,2025-10-05,card,2025
PMT0001346,P00087,66,2025-10-07,bank,2025
PMT0001347,P00093,151,2025-10-28,bank,2025
PMT0001348,P00103,46,2025-10-19,bank,2025
PMT0001349,P00109,52,2025-10-01,bank,2025
PMT0001350,P00114,193,2025-10-09,bank,2025
PMT0001351,P00119,74,2025-10-18,bank,2025
PMT0001352,P00132,175,2025-10-25,card,2025
PMT0001353,P00138,81,2025-10-06,bank,2025
PMT0001354,P00140,104,2025-10-18,bank,2025
PMT0001355,P00142,40,2025-10-27,bank,2025
PMT0001356,P00147,179,2025-10-10,bank,2025
PMT0001357,P00149,173,2025-10-24,bank,2025
PMT0001358,P00152,87,2025-10-01,card,2025
PMT0001359,P00154,69,2025-10-09,bank,2025
PMT0001360,P00155,193,2025-10-27,bank,2025
PMT0001361,P00156,61,2025-10-21,bank,2025
PMT0001362,P00158,136,2025-10-06,bank,2025
PMT0001363,P00159,195,2025-10-08,card,2025
PMT0001364,P00160,60,2025-10-25,bank,2025
PMT0001365,P00161,156,2025-10-03,bank,2025
PMT0001366,P00162,178,2025-10-16,bank,2025
PMT0001367,P00163,96,2025-10-21,bank,2025
PMT0001368,P00164,60,2025-10-12,card,2025
PMT0001369,P00165,96,2025-10-06,card,2025
PMT0001370,P00168,67,2025-10-11,bank,2025
PMT0001371,P00169,64,2025-10-12,card,2025
PMT0001372,P00170,43,2025-10-09,bank,2025
PMT0001373,P00171,137,2025-10-21,bank,2025
PMT0001374,P00172,42,2025-10-10,bank,2025
PMT0001375,P00173,165,2025-10-21,card,2025
PMT0001376,P00174,161,2025-10-07,card,2025
PMT0001377,P00175,54,2025-10-20,card,2025
PMT0001378,P00176,169,2025-10-11,bank,2025
PMT0001379,P00177,107,2025-10-09,bank,2025
PMT0001380,P00178,54,2025-10-18,bank,2025
PMT0001381,P00179,66,2025-10-01,card,2025
PMT0001382,P00180,162,2025-10-10,bank,2025
PMT0001383,P00181,154,2025-10-14,bank,2025
PMT0001384,P00182,71,2025-10-04,card,2025
PMT0001385,P00183,69,2025-10-17,card,2025
PMT0001386,P00032,49,2025-11-04,card,2025
PMT0001387,P00050,34,2025-11-16,bank,2025
PMT0001388,P00074,109,2025-11-23,bank,2025
PMT0001389,P00083,65,2025-11-27,bank,2025
PMT0001390,P00087,182,2025-11-17,bank,2025
PMT0001391,P00093,74,2025-11-23,bank,2025
PMT0001392,P00103,37,2025-11-24,card,2025
PMT0001393,P00114,86,2025-11-05,card,2025
PMT0001394,P00119,88,2025-11-10,card,2025
PMT0001395,P00132,83,2025-11-05,card,2025
PMT0001396,P00138,138,2025-11-23,card,2025
PMT0001397,P00140,49,2025-11-01,bank,2025
PMT0001398,P00142,140,2025-11-02,card,2025
PMT0001399,P00147,57,2025-11-02,card,2025
PMT0001400,P00149,150,2025-11-04,bank,2025
PMT0001401,P00152,41,2025-11-03,bank,2025
PMT0001402,P00154,200,2025-11-01,card,2025
PMT0001403,P00155,61,2025-11-20,card,2025
PMT0001404,P00156,180,2025-11-07,card,2025
PMT0001405,P00158,119,2025-11-01,card,2025
PMT0001406,P00159,67,2025-11-28,bank,2025
PMT0001407,P00160,178,2025-11-12,bank,2025
PMT0001408,P00161,71,2025-11-28,card,2025
PMT0001409,P00162,159,2025-11-19,card,2025
PMT0001410,P00163,55,2025-11-27,card,2025
PMT0001411,P00165,165,2025-11-07,card,2025
PMT0001412,P00168,102,2025-11-06,card,2025
PMT0001413,P00170,55,2025-11-07,bank,2025
PMT0001414,P00171,123,2025-11-23,card,2025
PMT0001415,P00172,142,2025-11-22,card,2025
PMT0001416,P00176,76,2025-11-27,bank,2025
PMT0001417,P00177,127,2025-11-14,card,2025
PMT0001418,P00178,161,2025-11-08,bank,2025
PMT0001419,P00180,58,2025-11-25,bank,2025
PMT0001420,P00181,61,2025-11-15,card,2025
PMT0001421,P00182,163,2025-11-05,bank,2025
PMT0001422,P00032,157,2025-12-22,card,2025
PMT0001423,P00050,75,2025-12-13,bank,2025
PMT0001424,P00074,69,2025-12-10,card,2025
PMT0001425,P00083,49,2025-12-22,bank,2025
PMT0001426,P00087,149,2025-12-07,bank,2025
PMT0001427,P00093,199,2025-12-16,bank,2025
PMT0001428,P00103,159,2025-12-09,bank,2025
PMT0001429,P00114,168,2025-12-18,card,2025
PMT0001430,P00119,38,2025-12-14,card,2025
PMT0001431,P00132,128,2025-12-15,bank,2025
PMT0001432,P00138,126,2025-12-15,bank,2025
PMT0001433,P00140,39,2025-12-02,card,2025
PMT0001434,P00142,172,2025-12-22,bank,2025
PMT0001435,P00147,72,2025-12-16,bank,2025
PMT0001436,P00149,64,2025-12-10,bank,2025
PMT0001437,P00152,154,2025-12-25,card,2025
PMT0001438,P00154,175,2025-12-22,bank,2025
PMT0001439,P00155,198,2025-12-18,bank,2025
PMT0001440,P00156,151,2025-12-18,card,2025
PMT0001441,P00158,159,2025-12-02,bank,2025
PMT0001442,P00159,97,2025-12-16,bank,2025
PMT0001443,P00160,187,2025-12-22,bank,2025
PMT0001444,P00161,102,2025-12-11,card,2025
PMT0001445,P00162,37,2025-12-19,card,2025
PMT0001446,P00163,62,2025-12-27,bank,2025
PMT0001447,P00165,119,2025-12-26,card,2025
PMT0001448,P00168,190,2025-12-11,bank,2025
PMT0001449,P00170,54,2025-12-14,bank,2025
PMT0001450,P00171,121,2025-12-14,bank,2025
PMT0001451,P00172,44,2025-12-22,card,2025
PMT0001452,P00176,93,2025-12-08,bank,2025
PMT0001453,P00177,181,2025-12-03,card,2025
PMT0001454,P00178,108,2025-12-04,bank,2025
PMT0001455,P00180,73,2025-12-01,bank,2025
PMT0001456,P00181,39,2025-12-15,bank,2025
PMT0001457,P00182,175,2025-12-17,bank,2025
PMT0001458,P00184,98,2025-12-01,bank,2025
PMT0001459,P00185,180,2025-12-01,bank,2025
PMT0001460,P00186,126,2025-12-19,bank,2025
PMT0001461,P00187,112,2025-12-19,card,2025
PMT0001462,P00188,155,2025-12-04,card,2025
